epoch,lr-AdamW,step,train_giou,train_loss,val_giou,val_loss
,0.0001,0,,,,
0,,499,,,-0.5447830557823181,41.81739807128906
0,,499,0.21307189762592316,20.522747039794922,,
,0.0001,500,,,,
1,,999,,,-0.5105159282684326,38.826942443847656
1,,999,0.309480756521225,17.202024459838867,,
